id;recording_date;edition_date;signature_original;signature_edited;event_reason;event_slogan;name_conduction;position_conduction;specialties_panel;name_panel;title_subject;biblical_passage;synopsis_description;storyline;media_content;duration_original;duration_edited;scenography;location;city;department_state;producer;production_assistant;operator_vtr_play_out;production_credits;cast_actors;archive_status;interpreter_translator;dubbing;subtitle_cc;cataloguer_original;cataloguer_edited;postproduction_editor;operator_ingestion;service_ott;archivado_lto_original;archivado_lto_edited;observations;rights_management;cataloguer_production;cataloguer_ingest;cataloguer_master;url_edition;url_original;create_by_id;created_date;last_modified_by_id;last_modified_date
1;2022-01-16T05:23:43;2022-01-16T04:23:45;generating Corea Videojuegos;bandwidth Borders;Account Funcionalidad;programming Metal;value-added;Explanada;explícita infrastructures copy;array;Ensalada;Salchichas Violeta;interactive XML;card Hecho;Pollo aprovechar reboot;38383;55323;bypassing;Desarrollador Rústico de;Carson City;Poblado;primary Bedfordshire;Algodón;Usabilidad Ladrillo copy;Marroquinería Negro array;USB Cambridgeshire;Algodón utilize Dong;open-source;Inteligente;Barranco;Granito viral Pública;maximize;invoice;Granito Corporativo;true;true;true;multi-byte Mascotas La;Informática;Teclado;systems Camino Adaptativo;Account Baleares;ADP;Market;57390;2022-01-16T05:58:00;53611;2022-01-16T05:26:53
2;2022-01-16T07:05:43;2022-01-16T22:57:51;Guapa architectures reboot;PNG back-end Seguro;Ladrillo Funcionalidad platforms;Pantalones Checking;maximizada Tobago;Intercambiable;Agente uniforme logística;PNG Guapa Inversor;interfaces sensor Fantástico;Kwacha Violeta;Inteligente Bedfordshire Plástico;IB Credit Intranet;Electrónica payment Market;51647;72531;Genérico;Optimización Buckinghamshire;Marioport;Calidad Bedfordshire;Contabilidad monitor;Castilla-La;solid Asociado Directo;transmit;payment;Caserio Práctico Analista;Región productize;Pizza compress;Ronda;Cine International;Guapa Congo;Ergonómico Ladrillo;syndicate Azul Bloque;false;false;false;Mobilidad Iranian back-end;deliverables;override generate Card;multi-byte productize;Datos;Interacciones Account;multi-byte driver;938;2022-01-16T20:34:38;15358;2022-01-16T08:04:16
3;2022-01-16T05:54:05;2022-01-16T09:00:34;multimedia;proceso;Personal;Gerente EXE;Mancha;Normas deposit;recontextualize Ingeniero;XSS;migración Verde;Cambridgeshire canal analizada;Market;Futuro Central;Rústico funcionalidad quantifying;94701;37491;Ingeniero;SDD parsing Account;Luzhaven;Directo IB Papelería;Plástico asíncrona;deposit;Estratega;invoice;Asimilado;Castilla portals Metal;Composite Ordenador users;Gorro;seamless;AI;Futuro Account systems;copy Ensalada SCSI;transmitter Bebes Acero;true;true;false;Account Senior y;Directo migración;Senior País Marketing;Rústico Especialista;port;Avon Genérico;reinvent quantifying Pollo;14306;2022-01-16T07:44:30;11728;2022-01-16T06:33:15
4;2022-01-16T13:30:37;2022-01-16T09:59:32;deploy Manat;Avanzado Negro;deposit Salud;Inteligente Ladrillo;Artesanal Account;Juguetería;Andalucía innovadora Monte;Account Avon;habilidad Cambridgeshire Central;Loan Videojuegos global;mano Moda;reboot e-enable;Funcionalidad;20035;13060;supply-chains;Aragón 5th;Arreolachester;Metical Hecho;generating;Operaciones;Mobilidad exploit;hard;online;users Account Granito;Puerta Cambridgeshire enterprise;Vía;Bricolaje Rojo Deportes;Progresivo;Conjunto blockchains CSS;Iran Configuración;e-markets;true;false;true;Hogar;Práctico;program Productor Pequeño;Buckinghamshire Caserio Heredado;Travesía;transmitting Vietnam multiestado;Baleares multimedia Respuesta;17531;2022-01-16T07:39:27;91275;2022-01-16T09:30:29
5;2022-01-16T17:23:40;2022-01-16T09:25:16;Coche Corporativo;24/7;generating;Artesanal Cambridgeshire Account;Dominicana;invoice;Gorro;compelling circuit connecting;Guapo;Gris Andalucía Región;Aragón Central;La Investment;mano Operaciones;50595;7450;application 24/7 protocol;matrices;Carrasquilloland;Plástico Guapo abierto;Rua;Guantes;connect;Azul bypassing Ordenador;misión Guantes;PNG Integración;Librería;Regional;blockchains global;HDD Edificio;RSS;Teclado;generación deposit;false;true;true;Valenciana;Optimización;Pelota multi-byte;Monitorizado Mobilidad;override Director Ingeniero;Futuro marco Principado;proactive Navarra RAM;52559;2022-01-16T08:53:25;58519;2022-01-16T21:16:14
6;2022-01-16T15:01:47;2022-01-16T17:23:08;Inteligente de;Guantes matrix;Teclado Consultor optical;cross-platform;productize;Guapo AGP funcionalidad;Ladrillo de Account;calculating Hogar redundant;recontextualize;empower Aragón Denar;Open-source action-items Macao;crítica Borders;1080p Auto;7604;50323;Consultor streamline user-centric;bricks-and-clicks;Waipahu;Acero;Aplicaciones;Travesía Cliente Queso;Senda back Puerta;cara Ejecutivo;application RAM Papelería;Bedfordshire;política Plástico Algodón;Toallas;nueva Navarra;mejora proactive;Soluciones Coordinador Directo;Senda Morado;actitud input Mercados;false;true;false;Negro Juguetería Azul;Calidad Rojo;el Algodón;Genérico Verde Hormigon;rich Raton Subida;Baleares Rústico deposit;País Barbados necesidades;19471;2022-01-17T00:44:17;76060;2022-01-17T02:49:54
7;2022-01-16T16:45:35;2022-01-16T19:21:02;Camiseta parse Yemen;Fantástico Account Electrónica;neural;productize Indonesia;Corporativo Planificador Mejorado;Aragón Artesanal;Jamaica online experiences;Raton Violeta Aplicaciones;Solar Organizado transmitter;Enfocado Central;online deposit Castilla-La;PNG Gorro;interfaces Administrador;2292;7003;blockchains Gestionado;Baleares Investigación;Parla Gloria;Inteligente;Rústico multitarea;Funcionario Genérico withdrawal;indexing;Vía monitorizar IB;Bedfordshire;TCP Factores input;envisioneer;Ordenador cross-platform;Peso Guapo;24/365 Pelota;Hormigon;Rusia Credit Burundi;Ingeniería;false;false;true;Algodón;Decoración protocol;withdrawal;Nacional Rojo;niches quantify;Andalucía Pataca;Gerente Noruega;85684;2022-01-16T18:28:08;54619;2022-01-17T03:43:38
8;2022-01-16T14:32:42;2022-01-17T02:58:31;Ingeniero haptic Aragón;generación;Madera seamless Paradigma;GB;Italia;digital;FTP override vía;Credit Puerta compressing;Buckinghamshire Navarra transition;Soluciones Ordenador transmit;intangible Barein quantifying;bidireccional;Funcionario users;14661;68437;syndicate next-generation;index objetos;Albacete Leonorton;Municipio Avon navigate;cliente;logística;Granito optimize;Ethiopian;Niger;transparent;Seguridada Caserio;primary discreta;mission-critical aggregate;Guantes acompasada;Caserio;Bebes;generate Sorprendente;false;true;false;Leone;solutions Monte Analista;Sterling Credit;indexing;channels;bleeding-edge Algodón USB;turn-key Méjico;11867;2022-01-16T05:39:39;8029;2022-01-16T20:25:21
9;2022-01-16T08:12:51;2022-01-16T08:17:59;Borders;Fantástico Hormigon;Uganda de;Verde port Agente;conocimiento;compress;target Blanco;Consultor Metal;Blanco Gerente Ladrillo;calculate;nueva;transmit system web-readiness;Congo Canarias Morado;55872;12744;Cataluña Fantástico;Ejecutivo Guapo Ergonómico;Sevillafort;Colonia Humano basado;Hormigon Patatas Bedfordshire;Sección nacional;backing back-end Hormigon;Navarra;Polígono pixel Subida;drive;withdrawal encriptar Account;Morado;PNG;BEAC Violeta;value-added Navarra Personal;wireless Diseñador;JBOD Home Refinado;false;true;false;Rwanda;compuesto Borders invoice;SCSI hacking Integrado;Arquitecto Ingeniero;Funcionario;Humano Mercado extend;Configuración Coordinador;55108;2022-01-16T17:04:44;69141;2022-01-16T11:03:28
10;2022-01-16T07:44:03;2022-01-16T20:50:59;Metal Marca Dollar;Increible Bedfordshire Atún;synthesize Calleja;Pizza;primary;Algodón Inteligente;cultivate;strategic;invoice withdrawal Optimización;Berkshire USB Market;Cataluña;Metal generate;quantify;38692;26098;matrix metódica de;fallos Atún;Novi;soporte turn-key;Genérico Ergonómico Cambridgeshire;killer Violeta;groupware;copy;Optimización Rambla;payment;Caserio interactiva;Cine La Intranet;Bedfordshire Amarillo;Money reboot cara;Danish;Seguro Borders;deliver;false;false;false;Blanco;Verde Rincón compress;reinvent;connect Rand;empower Bosnia Refinado;Vietnam;Berkshire deposit;68571;2022-01-16T04:01:48;42569;2022-01-16T13:34:24
